{
  "git_hash": "8a19eb2",
  "total_cost": {
    "tokens_in": 81992,
    "tokens_out": 42659,
    "estimated_usd": 0.8858609999999999
  },
  "agent_scores": {
    "architect": 0.8142857142857143
  }
}